{
    "overall_bleu": 20.371284985447705,
    "length_bucket_bleu": {
        "0-5": 38.98292233925128,
        "6-10": 29.869250811564996,
        "11-20": 25.951226684681856,
        "21-40": 22.968662598152115,
        "40+": 13.560414415478371
    }
}